tarih,saat_utc,tur,not
2022-01-26,19:00,FOMC,
2022-03-16,18:00,FOMC,
2022-05-04,18:00,FOMC,
2022-06-15,18:00,FOMC,
2022-07-27,18:00,FOMC,
2022-09-21,18:00,FOMC,
2022-11-02,18:00,FOMC,
2022-12-14,19:00,FOMC,
2023-02-01,19:00,FOMC,
2023-03-22,18:00,FOMC,
2023-05-03,18:00,FOMC,
2023-06-14,18:00,FOMC,
2023-07-26,18:00,FOMC,
2023-09-20,18:00,FOMC,
2023-11-01,18:00,FOMC,
2023-12-13,19:00,FOMC,
2024-01-31,19:00,FOMC,
2024-03-20,18:00,FOMC,
2024-05-01,18:00,FOMC,
2024-06-12,18:00,FOMC,
2024-07-31,18:00,FOMC,
2024-09-18,18:00,FOMC,
2024-11-07,19:00,FOMC,
2024-12-18,19:00,FOMC,
2025-01-29,19:00,FOMC,
2025-03-19,18:00,FOMC,
2025-05-07,18:00,FOMC,
2025-06-18,18:00,FOMC,
2025-07-30,18:00,FOMC,
2025-09-17,18:00,FOMC,
2025-10-29,18:00,FOMC,
2025-12-10,19:00,FOMC,
2026-01-28,19:00,FOMC,
2026-03-18,18:00,FOMC,
2026-04-29,18:00,FOMC,
2026-06-17,18:00,FOMC,
2026-07-29,18:00,FOMC,
2026-09-16,18:00,FOMC,
2022-01-12,13:30,CPI,
2022-02-10,13:30,CPI,
2022-03-10,13:30,CPI,
2022-04-12,12:30,CPI,
2022-05-11,12:30,CPI,
2022-06-10,12:30,CPI,
2022-07-13,12:30,CPI,
2022-08-10,12:30,CPI,
2022-09-13,12:30,CPI,
2022-10-13,12:30,CPI,
2022-11-10,13:30,CPI,
2022-12-13,13:30,CPI,
2023-01-12,13:30,CPI,
2023-02-14,13:30,CPI,
2023-03-14,12:30,CPI,
2023-04-12,12:30,CPI,
2023-05-10,12:30,CPI,
2023-06-13,12:30,CPI,
2023-07-12,12:30,CPI,
2023-08-10,12:30,CPI,
2023-09-13,12:30,CPI,
2023-10-12,12:30,CPI,
2023-11-14,13:30,CPI,
2023-12-12,13:30,CPI,
2024-01-11,13:30,CPI,
2024-02-13,13:30,CPI,
2024-03-12,12:30,CPI,
2024-04-10,12:30,CPI,
2024-05-15,12:30,CPI,
2024-06-12,12:30,CPI,
2024-07-11,12:30,CPI,
2024-08-14,12:30,CPI,
2024-09-11,12:30,CPI,
2024-10-10,12:30,CPI,
2024-11-13,13:30,CPI,
2024-12-11,13:30,CPI,
2025-01-15,13:30,CPI,
2025-02-12,13:30,CPI,
2025-03-12,12:30,CPI,
2025-04-10,12:30,CPI,
2025-05-13,12:30,CPI,
2025-06-11,12:30,CPI,
2025-07-15,12:30,CPI,
2025-08-12,12:30,CPI,
2025-09-11,12:30,CPI,
2025-10-24,12:30,CPI,dogrulanmadi (kapanma gecikmesi)
2025-12-18,13:30,CPI,dogrulanmadi
2026-01-13,13:30,CPI,dogrulanmadi
2026-02-11,13:30,CPI,dogrulanmadi
2026-03-11,12:30,CPI,dogrulanmadi
2026-04-10,12:30,CPI,dogrulanmadi
2026-05-12,12:30,CPI,dogrulanmadi
2026-06-10,12:30,CPI,dogrulanmadi
2026-07-14,12:30,CPI,dogrulanmadi
2026-08-12,12:30,CPI,dogrulanmadi
2026-09-11,12:30,CPI,dogrulanmadi
